{
  "cv_accuracy_mean": 0.9870000000000001,
  "cv_f1_mean": 0.9805852940809736,
  "cv_roc_auc_mean": 0.9998128393887015,
  "test_accuracy": 0.995,
  "test_f1": 0.9924242424242424,
  "test_roc_auc": 0.9998581117511848
}